college,program_name,credentials,link
CMCC,Building Construction Technology,"AAS Degree, Certificate",View Program
CMCC,HVAC/R Technology,"AAS Degree, Certificate",View Program
CMCC,Plumbing & Heating Technology,AAS Degree,View Program
EMCC,Building Construction,"AAS Degree, Certificate",View Program
EMCC,Plumbing,Certificate,View Program
EMCC,"Refrigeration, AC & Heating","AAS Degree, Certificate",View Program
KVCC,Plumbing & Heating,AAS Degree,View Program
KVCC,Plumbing,Certificate,View Program
NMCC,Building Construction Tech,"AAS Degree, Certificate",View Program
NMCC,Plumbing & Heating,"AAS Degree, Certificate",View Program
SMCC,Construction Technology,AAS Degree,View Program
WCCC,Heavy Equipment Operations,Certificate,View Program
WCCC,Heavy Equipment Maintenance,Certificate,View Program
YCCC,Industrial Welding Techniques,Short-term Training,View Program
