company_name,website
AH Grover,AH Grover
Benchmark Construction,"No specific Job Openings, just to send a resume to"
Blane Casey Contractors,Blane Casey Contractors
Bowman Constructors,Bowman Constructors
Cianbro,Cianbro
Coastal Road Repair,Coastal Road Repair
Consigli,Consigli
CPM Constructors,CPM Constructors
Crooker Construction,Crooker Construction
Dayton Sand & Gravel,It looks like Dayton Sand & Gravel uses Indeed
"Dearborn Brothers Construction, Inc.","Dearborn Brothers Construction, Inc."
Doten’s Construction Inc,"Job openings in Indeed, SimplyHired, Glassdoor, Zip Recruiter"
DP Porter Contractors,DP Porter Contractors
Ed Pelletier & Sons,Ed Pelletier & Sons
EL Vining,EL Vining
Electric Light Company,Electric Light Company
FC Works & Sons,"Uses Indeed, Career One Stop"
Ganneston Construction,Ganneston Construction
Gendron,Gendron
General Contractor Vaughan D Thibodeau,General Contractor Vaughan D Thibodeau
Glidden Excavating & Paving,Glidden Excavating & Paving
Gordan Contracting,Gordan Contracting
Gorham Sand & Gravel,Gorham Sand & Gravel
Great Falls Builders,Great Falls Builders
Hagar Enterprises,Hagar Enterprises
HE Callahan Construction,HE Callahan Construction
Hopkins Paving,Hopkins Paving
Hughes Brothers,Hughes Brothers
J Pratt Construction,Indeed for job openings
Jordan Excavation,Indeed for job openings
Knowles Industrial,Knowles Industrial
Landry French Construction,Landry French Construction
Langford & Low,Langford & Low
Maine Earth,Maine Earth
McGee Construction,McGee Construction
McGillian,McGillian
Molison Electric,Molison Electric
New England Infrastructure,New England Infrastructure
Nickerson & O’Day,Nickerson & O’Day
Peters Construction,Indeed for job openings
Pike Industries,Pike Industries
Pratt & Sons,Pratt & Sons
Prock Marine Co,Prock Marine Co
RF Jordan and Sons,RF Jordan and Sons
RJ Grondin & Sons,RJ Grondin & Sons
Ralph McNaughton Construction,Indeed for job openings
Ranger Construction,Ranger Construction
Reed & Reed,Reed & Reed
Sargent Corporation,Sargent Corporation
Scott Construction,Scott Construction
Shaw Brothers Construction,Shaw Brothers Construction
Sheridan Corporation,Sheridan Corporation
Soderberg Company,Soderberg Company
Steelstone Industries,Indeed and Smart Recruiters 
T Buck Construction,T Buck Construction
Wyman & Simpson,Wyman & Simpson
*this list represents all jobs posted by the construction contractors listed on the MaineDOT  prequalified bidder list ,
